Number,Name,Location,Current Placement,Year,County
12345,Sarah Jones,D1,90,3,Dublin
23456,David Smith,D3,901,1,Dublin
34567,Brian Smith,D21,156,4,Dublin
45678,Joan McCabe,D8,90,2,Dublin
56789,Jake Kelly,D13,372,3,Dublin
67890,Cian McCarthy,D4,735,3,Dublin
13579,Ciara Molloy,D15,90,1,Dublin
24680,Peter Burke,D24,901,2,Dublin
98765,Patricia Murray,D7,56,3,Dublin
87654,James Madden,D22,309,4,Dublin
76543,Maya Adams,D6,497,2,Dublin
65432,Adam Jackson,D21,267,1,Dublin
54321,Jason Ennis,D1,901,2,Dublin
43210,Hayley Field,D9,501,4,Dublin